	id	name	tweet	retweets_count	location	created	followers_count	geo	hashtags	verified	retweeted
0	3084619833	KumasMommy	"RT @IndivisibleVent: üö®HAPPENING NOW!

Republicans are trying to rush through this
‚ö°Ô∏èLIFETIME‚ö°Ô∏è judicial appointment during the #COVID pande‚Ä¶"	0	Midwest	20-May-2020	175		[{'text': 'COVID', 'indices': [127, 133]}]	False	False
1	1209650152094490636	BrynCleat	"@barrytobebarry Water Cannon‚úÖ
Blue Indelible Dye‚úÖ 
Smurf the bu$tards.

Not only will it be easier for us to spot &amp;‚Ä¶ https://t.co/Wrx2VTZkQO"	0	United Celtic Nations	20-May-2020	1691		[]	False	False
2	22076866	lkofman	Cisco is a proud sponsor of The Match: Champions for Charity, teaming up with golf and NFL legends to raise money f‚Ä¶ https://t.co/AuseYzVEMj	0	San Jose, CA	20-May-2020	268		[]	False	False
3	1166810239355801607	avelonia1	Michigan Rep. Karen Whitsett credits #hydroxychloroquine , President Trump for her recovery from #COVID-19 https://t.co/EtNwjPexbe	0		20-May-2020	234		[{'text': 'hydroxychloroquine', 'indices': [37, 56]}, {'text': 'COVID', 'indices': [97, 103]}]	False	False
4	109051409	ChrisRBrock	I find it hilarious that everyone doing Skype or Zoom interviews these days always sits in front of a bookshelf of‚Ä¶ https://t.co/SeFzzhBVI0	0	Columbus, OH	20-May-2020	842		[]	False	False
5	1961489780	rebeccapicchi	Everywhere trying to open back up yet you STILL can‚Äôt get readily available testing. What could go wrong? üôÑ #COVID #seemslegit	0	Sacramento, CA	20-May-2020	31		[{'text': 'COVID', 'indices': [108, 114]}, {'text': 'seemslegit', 'indices': [115, 126]}]	False	False
6	146285175	kittysikes	"RT @505Nomad: #NewMexico | Lots of space. Not many people. 

It is fairly easy to maintain social distancing in the absence of commonly use‚Ä¶"	0	Richmond, VA. Native Texan	20-May-2020	527		[{'text': 'NewMexico', 'indices': [14, 24]}]	False	False
7	1380628428	TrutherDolly	RT @CrowRising: #VAXXED 2 (Full #Documentary 2020) https://t.co/SoCmyLGFJ8 If you're going to watch one expos√© of the fraud and horror of #‚Ä¶	0		20-May-2020	918		[{'text': 'VAXXED', 'indices': [16, 23]}, {'text': 'Documentary', 'indices': [32, 44]}]	False	False
8	134647311	kidstogether	"Ask an Expert: What do people with disabilities face during the pandemic? | Vanderbilt News 

#KidsTogether ¬ÆÔ∏è‚Ä¶ https://t.co/x7PIP48qP4"	0		20-May-2020	251		[{'text': 'KidsTogether', 'indices': [94, 107]}]	False	False
9	2324680410	Clippers89	RT @CBSmichelegile: Wednesday OC stats. #COVID https://t.co/0c4IwJeOTe	0	Anaheim Hills, CA	20-May-2020	1381		[{'text': 'COVID', 'indices': [40, 46]}]	False	False
10	1114970489942753280	BuddJenn	RT @NicoletteGlazer: After all the #Covid-19 litigation only 324 ppl have been released by judicial orders as of last week &amp; there are  26,‚Ä¶	0	San Diego, CA	20-May-2020	27188		[{'text': 'Covid', 'indices': [35, 41]}]	False	False
11	896283301425623040	jbklutsemedia	#MTN Group releases 2019 integrated, sustainability and tax reports https://t.co/gTTYrG04nW #covid #mtnghana	0	Ghana	20-May-2020	1400		[{'text': 'MTN', 'indices': [0, 4]}, {'text': 'covid', 'indices': [92, 98]}, {'text': 'mtnghana', 'indices': [99, 108]}]	False	False
12	1032222434831687680	StandfieldKen	More realities we face moving forward with gatherings. Church groups especially at risk as singing increases the ri‚Ä¶ https://t.co/NXjbUduVj0	1	Melbourne, Victoria	20-May-2020	1557		[]	False	False
13	59704231	Reikilass	RT @StellaMoris1: #COVID does not make solitary confinement acceptable. Julian has been kept in a single cell for +23h/day for over eight w‚Ä¶	0	Earthling	20-May-2020	2976		[{'text': 'COVID', 'indices': [18, 24]}]	False	False
14	3359161576	eggs200	This is what happens when the Government send out mixed messages.  #COVID„Éº19 #heatwave #COVID #COVIDIOTS https://t.co/Vaza86rwVE	0		20-May-2020	90		[{'text': 'COVID„Éº19', 'indices': [67, 76]}, {'text': 'heatwave', 'indices': [77, 86]}, {'text': 'COVID', 'indices': [87, 93]}, {'text': 'COVIDIOTS', 'indices': [94, 104]}]	False	False
15	127689782	dspuhr	Thousands of openings paying about $20 per hour (not yet confirmed).  #COVID #jobs #Employment #contracttracing‚Ä¶ https://t.co/PGD4j1hZLT	1	Chicago, IL	20-May-2020	305		[{'text': 'COVID', 'indices': [70, 76]}, {'text': 'jobs', 'indices': [77, 82]}, {'text': 'Employment', 'indices': [83, 94]}, {'text': 'contracttracing', 'indices': [95, 111]}]	False	False
16	1140295447	tnabtaf	RT @NBlomberg: We published a short policy note in @ejhg_journal to explain the @ELIXIREurope response to COVID-19: bringing together data,‚Ä¶	0	Eugene, OR	20-May-2020	670		[]	False	False
17	105374246	CBSmichelegile	Wednesday OC stats. #COVID https://t.co/0c4IwJeOTe	2		20-May-2020	4611		[{'text': 'COVID', 'indices': [20, 26]}]	True	False
18	1308313609	bmardis1950	"RT @IndivisibleVent: @fred_guttenberg @GiffordsCourage Repubs are trying to rush through this
LIFETIME judicial appt. during the #COVID pan‚Ä¶"	0		20-May-2020	235		[{'text': 'COVID', 'indices': [129, 135]}]	False	False
19	1083032103044796416	Darby70861097	RT @StellaMoris1: #COVID does not make solitary confinement acceptable. Julian has been kept in a single cell for +23h/day for over eight w‚Ä¶	0	Third planet from the sun	20-May-2020	1415		[{'text': 'COVID', 'indices': [18, 24]}]	False	False
20	356980099	bunny32746	RT @AlexBerenson: Btw: I try not to get involved in politics, but this poll should terrify Democrats. The media is still at peak #COVID hys‚Ä¶	0	Florida, USA	20-May-2020	1194		[{'text': 'COVID', 'indices': [129, 135]}]	False	False
21	549619562	AimeeElizabet63	RT @alexsalvinews: Press Secretary Kayleigh McEnany calls out CNN's Chris Cuomo for criticizing Pres. Trump's use of the FDA approved drug‚Ä¶	0	Las Vegas, Nevada	20-May-2020	2075		[]	False	False
22	622241647	dj_polo_mac	The truth is out there...the people are waking up!! #Covid #Corona #ConspiracyTheory https://t.co/Yrw1K2o4ng	0	SOUTHSIDE A-T	20-May-2020	257		[{'text': 'Covid', 'indices': [52, 58]}, {'text': 'Corona', 'indices': [59, 66]}, {'text': 'ConspiracyTheory', 'indices': [67, 84]}]	False	False
23	2528448872	mazefire56	"How can YOU TELL if your country HAS NO PLAN?
Nobody *knows* what is coming, nor what to do about #COVID.
Forget‚Ä¶ https://t.co/8f50EINZrw"	0	Needham MA	20-May-2020	2940		[{'text': 'COVID', 'indices': [98, 104]}]	False	False
24	1082992040059768834	whatamIdoooing	After dinner, my host mom told me that she is really appreciate to have me in the house, and asked me if I want an‚Ä¶ https://t.co/MHp2Ga0mJ5	1		20-May-2020	314		[]	False	False
25	183109835	gary_takacs	"RT @less_insurance: Are you worried about getting back to work after the pandemic?
Listen to this Less Insurance Dependence episode by @gar‚Ä¶"	0	Scottsdale, AZ	20-May-2020	15397		[]	False	False
26	2996469091	KRMainEvent	RT @alexsalvinews: Press Secretary Kayleigh McEnany calls out CNN's Chris Cuomo for criticizing Pres. Trump's use of the FDA approved drug‚Ä¶	0	New York, NY	20-May-2020	24467		[]	False	False
27	14888439	kimber923	RT @alexsalvinews: Press Secretary Kayleigh McEnany calls out CNN's Chris Cuomo for criticizing Pres. Trump's use of the FDA approved drug‚Ä¶	0	Gilbert, AZ	20-May-2020	219		[]	False	False
28	1261287394063589376	RedFlags12	Incredible accomplishment! Congratulations! #redflags #redflagz #womancrusheveryday #COVID #Lawyers‚Ä¶ https://t.co/GwhV3Vo7NU	0		20-May-2020	7		[{'text': 'redflags', 'indices': [44, 53]}, {'text': 'redflagz', 'indices': [54, 63]}, {'text': 'womancrusheveryday', 'indices': [64, 83]}, {'text': 'COVID', 'indices': [84, 90]}, {'text': 'Lawyers', 'indices': [91, 99]}]	False	False
29	4062148153	Autumn_McDo	RT @NewAmericaCA: Join us, @NewAmerica, on 5/21 at 2:30 pm PDT for a discussion on mobility, reimagining the way we #work, #COVID, #economi‚Ä¶	0	Oakland, CA	20-May-2020	594		[{'text': 'work', 'indices': [116, 121]}, {'text': 'COVID', 'indices': [123, 129]}]	False	False
30	1249754636090630144	HelpEachOtherOS	"#MAY20TH #COVID #staysafe Times are hard
https://t.co/Js4zx8h8gO matches people needing help with people helping lo‚Ä¶ https://t.co/ZNcXEsdusY"	0		20-May-2020	269		[{'text': 'MAY20TH', 'indices': [0, 8]}, {'text': 'COVID', 'indices': [9, 15]}, {'text': 'staysafe', 'indices': [16, 25]}]	False	False
31	847309255417909249	mmanapo_moloi	RT @linda_VDShimora: Please try your luck people. #BloodAndWater #bloodandwaternetflix #ifb #KeaDrive #SizweVsAKA #COVID #coronavirus @moor‚Ä¶	0	Johannesburg, South Africa	20-May-2020	956		[{'text': 'BloodAndWater', 'indices': [50, 64]}, {'text': 'bloodandwaternetflix', 'indices': [65, 86]}, {'text': 'ifb', 'indices': [87, 91]}, {'text': 'KeaDrive', 'indices': [92, 101]}, {'text': 'SizweVsAKA', 'indices': [102, 113]}, {'text': 'COVID', 'indices': [114, 120]}, {'text': 'coronavirus', 'indices': [121, 133]}]	False	False
32	1166810239355801607	avelonia1	"Why is Karen Whitsett being ignored and suppressed by the establishment media? 
#Hydroxychloroquine cured her of‚Ä¶ https://t.co/dS3dj6KNSd"	1		20-May-2020	234		[{'text': 'Hydroxychloroquine', 'indices': [80, 99]}]	False	False
33	268368717	TheCouchBurner	RT @StellaMoris1: #COVID does not make solitary confinement acceptable. Julian has been kept in a single cell for +23h/day for over eight w‚Ä¶	0	Parts Unknown	20-May-2020	1266		[{'text': 'COVID', 'indices': [18, 24]}]	False	False
34	933248588884230144	kingkgotha	RT @linda_VDShimora: Please try your luck people. #BloodAndWater #bloodandwaternetflix #ifb #KeaDrive #SizweVsAKA #COVID #coronavirus @moor‚Ä¶	0		20-May-2020	393		[{'text': 'BloodAndWater', 'indices': [50, 64]}, {'text': 'bloodandwaternetflix', 'indices': [65, 86]}, {'text': 'ifb', 'indices': [87, 91]}, {'text': 'KeaDrive', 'indices': [92, 101]}, {'text': 'SizweVsAKA', 'indices': [102, 113]}, {'text': 'COVID', 'indices': [114, 120]}, {'text': 'coronavirus', 'indices': [121, 133]}]	False	False
35	1262861374272819201	shelby99255004	@tiktok_uk mother and daughter fun times #covid 19 lock down üåàüåàüåà https://t.co/8LcshA08JQ	0	United Kingdom	20-May-2020	20		[{'text': 'covid', 'indices': [41, 47]}]	False	False
36	1213614922434662401	abbyduf27438837	RT @AlexBerenson: Btw: I try not to get involved in politics, but this poll should terrify Democrats. The media is still at peak #COVID hys‚Ä¶	0		20-May-2020	238		[{'text': 'COVID', 'indices': [129, 135]}]	False	False
37	1109242639508013057	AJ74353462	"Opinion of Imam Abu Hanifa regarding #Eid prayer at home. 

#COVID https://t.co/hWzsaxTf6j"	0	Glasgow, Scotland	20-May-2020	8		[{'text': 'Eid', 'indices': [37, 41]}, {'text': 'COVID', 'indices': [60, 66]}]	False	False
38	19988490	salarmychicago	"Amid #pandemic, #charities and #nonprofits face huge challenges - https://t.co/AYA8MlpVWy

@WGNRadioNews @WGNRadio‚Ä¶ https://t.co/bHbXhJEtGo"	1	Chicago, IL	20-May-2020	5127		[{'text': 'pandemic', 'indices': [5, 14]}, {'text': 'charities', 'indices': [16, 26]}, {'text': 'nonprofits', 'indices': [31, 42]}]	True	False
39	1226267669843845120	PaulKel34808498	RT @StellaMoris1: #COVID does not make solitary confinement acceptable. Julian has been kept in a single cell for +23h/day for over eight w‚Ä¶	0		20-May-2020	0		[{'text': 'COVID', 'indices': [18, 24]}]	False	False
40	1171889625104707584	MacDonnchaidh_2	RT @StellaMoris1: #COVID does not make solitary confinement acceptable. Julian has been kept in a single cell for +23h/day for over eight w‚Ä¶	0		20-May-2020	130		[{'text': 'COVID', 'indices': [18, 24]}]	False	False
41	4828161754	MrDZeidler	RT @AlexBerenson: From researchers at @jpmorgan: #COVID infection rates fall when lockdowns end. Allow me to translate: lockdowns kill.	0		20-May-2020	26		[{'text': 'COVID', 'indices': [49, 55]}]	False	False
42	1235877893873557504	YasirAh68254852	"RT @PTIOfficialLHR: Chief Minister Punjab Sardar Usman Buzdar inaugurated the LDA's Insaf web and mobile portals.
The online application fa‚Ä¶"	0	Abbottabad, Pakistan	20-May-2020	65		[]	False	False
43	968690226	Mattic730	Subscribe to this YouTube channel for a chance to win a Free $50 gift card, Vbucks or Robux!  Enjoy gaming content‚Ä¶ https://t.co/QfaYu1wXKF	1	Updating You On Everything	20-May-2020	1213		[]	False	False
44	1155230717191819265	CivicEast	@WashLegalClinic @MayorBowser .@CivicEast in #COVID 19 urges @MurielBowser immediate to provide non congregate hous‚Ä¶ https://t.co/eA0m6gnv7i	2		20-May-2020	17		[{'text': 'COVID', 'indices': [45, 51]}]	False	False
45	1281960350	ArnellHill	@IHGCorporate @IHG  IHG hotels display inconsistent practices during Covid outbreak.  Protect housekeepers!‚Ä¶ https://t.co/OHptcAAYey	0	United States, Indiana	20-May-2020	28		[]	False	False
46	2389313432	EvilJester01	RT @AlexBerenson: Btw: I try not to get involved in politics, but this poll should terrify Democrats. The media is still at peak #COVID hys‚Ä¶	0	Valley of the Dirt People	20-May-2020	518		[{'text': 'COVID', 'indices': [129, 135]}]	False	False
47	3097131710	jcarpro	"@GustavoArellano I'm going to open my business if it's the last thing I ever do
-Orange County Resident who died of‚Ä¶ https://t.co/7882D4ARWf"	3	Las Vegas, NV	20-May-2020	1070		[]	False	False
48	1256755117249794050	IMRahilMohammed	RT @alishaikh3310: #Maharashtra is running out of blood supply and the present stock can last only for next 8-10 days.The administration is‚Ä¶	0	Pune, India	20-May-2020	2295		[{'text': 'Maharashtra', 'indices': [19, 31]}]	False	False
49	1239001126529163264	DLo5705	RT @DrJenCaudle: Moderna's #COVID Vaccine Showing Promising Early Results https://t.co/B2ZWI9Oj25 via @YouTube  #covid19	0		20-May-2020	46		[{'text': 'COVID', 'indices': [27, 33]}, {'text': 'covid19', 'indices': [112, 120]}]	False	False
0	1293281939844194305	HethermanCaelin	RT @ddlovato: I‚Äôm so lucky to be here today and to have made it to my 28th birthday. Join me in taking a stand for Breonna Taylor. üñ§üñ§ #Blac‚Ä¶	0		20-Aug-2020	219		[]	False	False
1	1248692845701193729	bot27494	RT @scrowder: Chicago Mayor supports #BlackLivesMatter riots everywhere... except the block where she lives.	0	Valencia, Espa√±a	20-Aug-2020	98		[{'text': 'BlackLivesMatter', 'indices': [37, 54]}]	False	False
2	922968436787081216	RobinFulghum1	"RT @IslandGirlPRV: I‚Äôm speechless üò∂ 

I‚Äôm sure that if they were white that wouldn‚Äôt have happened. ü§¨

#BlackLivesMatter 

#GTCBlue
#wtpBLU‚Ä¶"	0	Beautiful NC!!	20-Aug-2020	13411		[{'text': 'BlackLivesMatter', 'indices': [103, 120]}, {'text': 'GTCBlue', 'indices': [123, 131]}]	False	False
3	1218076646546333696	IslandGirlPRV	RT @PeacefulRenee: @IslandGirlPRV @MrDarkWolfe I‚Äôm not speechless. I‚Äôm pissed AF. And I‚Äôm sure people will say ‚Äòwe can‚Äôt judge the officer‚Ä¶	0		20-Aug-2020	31139		[]	False	False
4	925183109804552193	Ayerion1	RT @flywithkamala: Gwinnett County, GA police officer targets, harasses, and tases a non threatening Black woman üò°. This is why we proclaim‚Ä¶	0	Georgia, USA	20-Aug-2020	21		[]	False	False
5	18728303	GabrielNorori	@WarrenBishop7 @Raptors You piece of shit racist....what mannerisms? You coward, even when proof is shown you still‚Ä¶ https://t.co/EPslo3EKWf	0	Toronto	20-Aug-2020	71		[]	False	False
6	263473028	Stay4ayl	why would you call the police for something as silly as being loud if there is the threat, however small, of it esc‚Ä¶ https://t.co/Ld2XC1kyNC	0	The A.	20-Aug-2020	300		[]	False	False
7	3639656423	SamRStory	RT @travisrayxx: So let me get this straight, a group of white people brought live ammunition to a GOVERNMENT STATE BUILDING faces zero cha‚Ä¶	0		20-Aug-2020	86		[]	False	False
8	1158038399749709824	rickyricardo_47	RT @scrowder: Chicago Mayor supports #BlackLivesMatter riots everywhere... except the block where she lives.	0		20-Aug-2020	303		[{'text': 'BlackLivesMatter', 'indices': [37, 54]}]	False	False
9	256804632	anonfreespeech	RT @scrowder: Chicago Mayor supports #BlackLivesMatter riots everywhere... except the block where she lives.	0	The Marketplace of Ideas	20-Aug-2020	192		[{'text': 'BlackLivesMatter', 'indices': [37, 54]}]	False	False
10	363794949	lrckc	"RT @NewsRaters: Leaked audio from @goodyear.
They lied!!
They banned MAGA and Blue Lives hats but endorsed #BlackLivesMatter
Thanks to @bbu‚Ä¶"	0		20-Aug-2020	794		[{'text': 'BlackLivesMatter', 'indices': [107, 124]}]	False	False
11	1219348838118514688	egg_tiddies	RT @flywithkamala: Gwinnett County, GA police officer targets, harasses, and tases a non threatening Black woman üò°. This is why we proclaim‚Ä¶	0		20-Aug-2020	8		[]	False	False
12	3728733322	YeKalitiLij	"RT @AndKinkade: It has been 160 days since #BreonnaTaylor was murdered. 

We must never stop fighting until the #officers are held accounta‚Ä¶"	0	Ethiopia	20-Aug-2020	501		[{'text': 'BreonnaTaylor', 'indices': [43, 57]}, {'text': 'officers', 'indices': [112, 121]}]	False	False
13	751640305732980737	jennifer_0780	"RT @MrAndyNgo: Any legacy media coverage of Marquise Love will omit his ties to Portland BLM. That‚Äôs intentional.

Mr Love also has a crimi‚Ä¶"	0		20-Aug-2020	6081		[]	False	False
14	43100107	hwayhway	RT @scrowder: Chicago Mayor supports #BlackLivesMatter riots everywhere... except the block where she lives.	0	Chino Hills, Ca	20-Aug-2020	2433		[{'text': 'BlackLivesMatter', 'indices': [37, 54]}]	False	False
15	1052222680928329728	nayrosea	RT @ddlovato: I‚Äôm so lucky to be here today and to have made it to my 28th birthday. Join me in taking a stand for Breonna Taylor. üñ§üñ§ #Blac‚Ä¶	0		20-Aug-2020	20		[]	False	False
16	29291082	KathleenLyons	I have always eschewed logos on clothes and statement tee shirts. But I think I will make an exception any buy a‚Ä¶ https://t.co/5iGpdpmsVM	0	Washington, DCish	20-Aug-2020	136		[]	False	False
17	730167177697853440	etherealsaul	RT @AlexUnmuted: Someone called the police on their neighbor for being too loud on a Black woman, on her own property. This happened next.‚Ä¶	0		20-Aug-2020	275		[]	False	False
18	2562614708	drflofalayi	Ujiri: Altercation happened 'because I am Black' https://t.co/1TLf6iYqRa #race #BlackLivesMatter	0	Global	20-Aug-2020	1223		[{'text': 'race', 'indices': [73, 78]}, {'text': 'BlackLivesMatter', 'indices': [79, 96]}]	False	False
19	16176161	jdransom_	RT @Terrence_STR: Officer in #Georgia tases &amp; arrests a woman for standing on her porch while black. This will not end until we end it. Whe‚Ä¶	0	Los Angeles, CA	20-Aug-2020	417		[{'text': 'Georgia', 'indices': [29, 37]}]	False	False
20	1012472611	JSchuurMD	@ScottVEdwards1 Congrats Professor Edwards!! Thanks for your stream during your ride.  Kept me smiling during this‚Ä¶ https://t.co/SiI3aGnkRU	0	Providence, RI	20-Aug-2020	3672		[]	False	False
21	747646173947830273	turonhouse	RT @Terrence_STR: Officer in #Georgia tases &amp; arrests a woman for standing on her porch while black. This will not end until we end it. Whe‚Ä¶	0	Australia	20-Aug-2020	230		[{'text': 'Georgia', 'indices': [29, 37]}]	False	False
22	932068755856936960	Ky_Gill28	"RT @IslandGirlPRV: I‚Äôm speechless üò∂ 

I‚Äôm sure that if they were white that wouldn‚Äôt have happened. ü§¨

#BlackLivesMatter 

#GTCBlue
#wtpBLU‚Ä¶"	0	PITTSBURGH! 	20-Aug-2020	26828		[{'text': 'BlackLivesMatter', 'indices': [103, 120]}, {'text': 'GTCBlue', 'indices': [123, 131]}]	False	False
23	4282444947	katlin_rea	RT @ddlovato: I‚Äôm so lucky to be here today and to have made it to my 28th birthday. Join me in taking a stand for Breonna Taylor. üñ§üñ§ #Blac‚Ä¶	0		20-Aug-2020	61		[]	False	False
24	856739328994750464	20_bdg	"RT @MiamiHEAT: We're with you, Masai.

And they still wonder why we put #BlackLivesMatter on our courts ‚úäüèæ"	0		20-Aug-2020	318		[{'text': 'BlackLivesMatter', 'indices': [72, 89]}]	False	False
25	3092122937	CandicanesU	"Know your history 
#KnowledgeIsPower #BlackLivesMatter https://t.co/EtIishHGsP"	2	Whole World Wide 	20-Aug-2020	2700		[{'text': 'KnowledgeIsPower', 'indices': [19, 36]}, {'text': 'BlackLivesMatter', 'indices': [37, 54]}]	False	False
26	1077398406	TJ_Patton15	RT @scrowder: Chicago Mayor supports #BlackLivesMatter riots everywhere... except the block where she lives.	0	West Valley City, UT 	20-Aug-2020	169		[{'text': 'BlackLivesMatter', 'indices': [37, 54]}]	False	False
27	60404383	glennhmyers	Just finished The Nickel Boys. There‚Äôs a reason it won a National Book Award, Kirkus Prize, and Pulitzer. Add this‚Ä¶ https://t.co/svH0UKCr1L	0	Massachusetts	20-Aug-2020	638		[]	False	False
28	1654080282	camila_healing	RT @ddlovato: I‚Äôm so lucky to be here today and to have made it to my 28th birthday. Join me in taking a stand for Breonna Taylor. üñ§üñ§ #Blac‚Ä¶	0	Napoli, Campania	20-Aug-2020	872		[]	False	False
29	184874680	Mike4te	RT @scrowder: Chicago Mayor supports #BlackLivesMatter riots everywhere... except the block where she lives.	0	United States	20-Aug-2020	24		[{'text': 'BlackLivesMatter', 'indices': [37, 54]}]	False	False
30	17454993	StefanDidak	RT @NeighborForward: More pics from the Sacremento Rally. @KWTulloss continues to be a voice for the people! @Rendon63rd  @GavinNewsom  let‚Ä¶	0	California	20-Aug-2020	4026		[]	False	False
31	766114603	dannyt1980	@TSN_Sports @LeoRautins Some of the replies here are sad, or fake bot accounts...not sure but which either way all‚Ä¶ https://t.co/cMXuZmcqKb	0		20-Aug-2020	78		[]	False	False
32	1070058641246613505	Tettey_Josiah	RT @RecordingAcad: #Afrobeats star @davido opens up about furthering #Nigeria's global cultural impact and how the pandemic and the #BlackL‚Ä¶	0	Tema, Ghana	20-Aug-2020	1369		[{'text': 'Afrobeats', 'indices': [19, 29]}, {'text': 'Nigeria', 'indices': [69, 77]}]	False	False
33	715158258	HotKissSummer	RT @anderscorr: #China's consulate in #Houston promoted riot techniques among #BlackLivesMatter protesters through social media micro-targe‚Ä¶	0		20-Aug-2020	50		[{'text': 'China', 'indices': [16, 22]}, {'text': 'Houston', 'indices': [38, 46]}, {'text': 'BlackLivesMatter', 'indices': [78, 95]}]	False	False
34	17371454	djh11375	How can a person see this and not feel outrage? #Blacklivesmatter https://t.co/HOl0b3PLvY	0	Forest Hills, NY	20-Aug-2020	810		[{'text': 'Blacklivesmatter', 'indices': [48, 65]}]	False	False
35	1282530718053212160	geordie_obrien	"Another disturbing cellphone video ...
#BlackLivesMatter https://t.co/kblmuZtyHa"	0	Albany, New York üëÄ	20-Aug-2020	1705		[{'text': 'BlackLivesMatter', 'indices': [39, 56]}]	False	False
36	17454993	StefanDidak	"RT @NeighborForward: Your constituents do not support this bill! 
@Rendon63rd @GavinNewsom
 stand with them! #StopSB793 #BlackLivesMatter #‚Ä¶"	0	California	20-Aug-2020	4026		[{'text': 'StopSB793', 'indices': [109, 119]}, {'text': 'BlackLivesMatter', 'indices': [120, 137]}]	False	False
37	194190424	Alaanuloluwa_	"RT @MiamiHEAT: We're with you, Masai.

And they still wonder why we put #BlackLivesMatter on our courts ‚úäüèæ"	0		20-Aug-2020	1695		[{'text': 'BlackLivesMatter', 'indices': [72, 89]}]	False	False
38	17454993	StefanDidak	RT @NeighborForward: It takes a whole village to make sure this racist bill doesn't pass. California: Contact your state assembly person no‚Ä¶	0	California	20-Aug-2020	4026		[]	False	False
39	17454993	StefanDidak	RT @NeighborForward: SB793: it's a bad bill! This bill will increase fatal interactions between the law enforcement and the Black and Brown‚Ä¶	0	California	20-Aug-2020	4026		[]	False	False
40	1424417798	LuWyMi	"RT @EpochOpinion: Opinionüí≠by @JaniceFiamengo

Recently, the course outline of an @IowaStateU English professor was leaked to the media and‚Ä¶"	0		20-Aug-2020	65		[]	False	False
41	1230311728275185664	pterajo	RT @nodank_: I‚Äôve said this before, but if you have #BidenHarris2020 in your bio take #BlackLivesMatter out of it.	0	kansas	20-Aug-2020	1003		[{'text': 'BidenHarris2020', 'indices': [52, 68]}, {'text': 'BlackLivesMatter', 'indices': [86, 103]}]	False	False
42	3507397764	ConnieL1968	"RT @AngryandAsian: https://t.co/DsUXYzxCQK

Sweet Dolly Parton recently announced her support of #BlackLivesMatter and a mural was created‚Ä¶"	0		20-Aug-2020	12		[{'text': 'BlackLivesMatter', 'indices': [97, 114]}]	False	False
43	40700567	youngcoats	RT @wisconsin_now: #Milwaukee billboard by @StarParker suggesting people finish school, get jobs is taken down after outrage from #BlackLiv‚Ä¶	0		20-Aug-2020	57		[{'text': 'Milwaukee', 'indices': [19, 29]}]	False	False
44	149724750	MarsMoonMajic	"RT @TerriKing819: So if you feel disrespected use your taser gun
#BlackLivesMatter"	0		20-Aug-2020	359		[{'text': 'BlackLivesMatter', 'indices': [65, 82]}]	False	False
45	979344119846834176	William53081835	RT @scrowder: Chicago Mayor supports #BlackLivesMatter riots everywhere... except the block where she lives.	0		20-Aug-2020	375		[{'text': 'BlackLivesMatter', 'indices': [37, 54]}]	False	False
46	1286325171628806144	iNFoPiG2	RT @PDocumentarians: Officers tackled a videographer @econbrkfst and knocked off his helmet, during enforcement actions earlier. #PortlandP‚Ä¶	0	United States	20-Aug-2020	152		[]	False	False
47	1222203349325344768	hardesttoluve	RT @ddlovato: I‚Äôm so lucky to be here today and to have made it to my 28th birthday. Join me in taking a stand for Breonna Taylor. üñ§üñ§ #Blac‚Ä¶	0	ùïπùñîùñúùñçùñäùñóùñä ‚Ä¢ üÜÇüÖ∑üÖ¥/üÖ∑üÖ¥üÜÅ	20-Aug-2020	116		[]	False	False
48	65572289	Wangenstein	RT @Terrence_STR: Officer in #Georgia tases &amp; arrests a woman for standing on her porch while black. This will not end until we end it. Whe‚Ä¶	0	San Diego, CA	20-Aug-2020	2971		[{'text': 'Georgia', 'indices': [29, 37]}]	False	False
49	1401105097	THEryanplummer	RT @scrowder: Chicago Mayor supports #BlackLivesMatter riots everywhere... except the block where she lives.	0	Philadelphia, PA	20-Aug-2020	234		[{'text': 'BlackLivesMatter', 'indices': [37, 54]}]	False	False
0	23784613	reemax31	RT @SenKamalaHarris: Climate change has primed California for longer, more devastating wildfire seasons. Federal firefighters deserve to ha‚Ä¶	0		20-Oct-2020	69		[]	False	False
1	714234105538412546	jeanfranco1108	"RT @betrefscom: $28 GIVEAWAY!

AWP Wildfire üî•

‚úÖ Retweet
‚úÖ Follow us
‚úÖ Visit https://t.co/4ObIyqBkHg
‚úÖ Tag a Friend

48H ü™ô https://t.co/hGS‚Ä¶"	0		20-Oct-2020	0		[]	False	False
2	38881442	martinbuggy	RT @SenKamalaHarris: Climate change has primed California for longer, more devastating wildfire seasons. Federal firefighters deserve to ha‚Ä¶	0	Upper Darby, Pa.	20-Oct-2020	2100		[]	False	False
3	271597513	rajnagarkatti	RT @SenKamalaHarris: Climate change has primed California for longer, more devastating wildfire seasons. Federal firefighters deserve to ha‚Ä¶	0	Fleet	20-Oct-2020	253		[]	False	False
4	1301942332040900609	ModernJay	RT @SenKamalaHarris: Climate change has primed California for longer, more devastating wildfire seasons. Federal firefighters deserve to ha‚Ä¶	0		20-Oct-2020	132		[]	False	False
5	1278423672303366151	Claudia25375940	RT @SenKamalaHarris: Climate change has primed California for longer, more devastating wildfire seasons. Federal firefighters deserve to ha‚Ä¶	0	Tucson, AZ	20-Oct-2020	138		[]	False	False
6	1290258041565319169	soobdoomchit	"RT @bamteoli: üåü VIDEOS MOAS SHOULD EMBED üåü

 &lt;a thread&gt;

‚Ä¢ ALL videos are linked to #BlueHour¬† teaser 2 on youtube !
‚Ä¢ Spread it like wildf‚Ä¶"	0	yeonjun‚Äôs pocket	20-Oct-2020	184		[{'text': 'BlueHour', 'indices': [90, 99]}]	False	False
7	3089546177	bunqueengrace	RT @THEUNOVANPRINCE: üî•üî•There‚Äôs a wildfire in the Motostoke stadiumüî•üî• https://t.co/qMLpO9RtlS	0	somewhere, usa	20-Oct-2020	85		[]	False	False
8	825513629709692929	3_squirrels	RT @SenKamalaHarris: Climate change has primed California for longer, more devastating wildfire seasons. Federal firefighters deserve to ha‚Ä¶	0	Long Beach, CA	20-Oct-2020	107		[]	False	False
9	82993854	BabySlut_69	RT @SenKamalaHarris: Climate change has primed California for longer, more devastating wildfire seasons. Federal firefighters deserve to ha‚Ä¶	0		20-Oct-2020	221		[]	False	False
10	334900310	coolsamd	RT @SenKamalaHarris: Climate change has primed California for longer, more devastating wildfire seasons. Federal firefighters deserve to ha‚Ä¶	0	Florida, USA	20-Oct-2020	158		[]	False	False
11	1257354957121978368	breachcollectiv	"Join us for Week 3 tonight - ""Wildfire in the climate crisis &amp; a Green New Deal for PNW forests"" - at 5 p.m. PST. S‚Ä¶ https://t.co/Gcyw1fygEy"	2		20-Oct-2020	122		[]	False	False
12	3983005873	beesknees412	RT @SenKamalaHarris: Climate change has primed California for longer, more devastating wildfire seasons. Federal firefighters deserve to ha‚Ä¶	0	Arizona / Sonoran Desert	20-Oct-2020	1423		[]	False	False
13	425580734	jurylady5	RT @nowthisnews: Reaching 8,700+ acres on October 18, the CalWood Fire is officially the largest wildfire in the history of Boulder County,‚Ä¶	0	Southern hemisphere	20-Oct-2020	16035		[]	False	False
14	42840971	MadameMarmooza	RT @SenKamalaHarris: Climate change has primed California for longer, more devastating wildfire seasons. Federal firefighters deserve to ha‚Ä¶	0	Gormenghast Castle	20-Oct-2020	1148		[]	False	False
15	345100788	rickrataj	RT @ESPM_Berkeley: Alumna Joan Dudney and professor John Battles contributed to a study on threats to white #pine tree species. They focus‚Ä¶	0		20-Oct-2020	600		[{'text': 'pine', 'indices': [108, 113]}]	False	False
16	1220463045207416832	LindaLeeKenned2	RT @SenKamalaHarris: Climate change has primed California for longer, more devastating wildfire seasons. Federal firefighters deserve to ha‚Ä¶	0		20-Oct-2020	6		[]	False	False
17	1250150555995037698	CanAgeSeniors	RT @DrSamirSinha: Tragic YES, Unavoidable DEFINITELY NOT. There are many things that can be done to prevent #COVID-19 from getting into hom‚Ä¶	0		20-Oct-2020	993		[{'text': 'COVID', 'indices': [108, 114]}]	False	False
18	4786810452	ldainLA	@realDonaldTrump Ha ha, no. First you punish us for being blue by withholding $ for PPE and wildfire relief. Now yo‚Ä¶ https://t.co/GHAj4inpKf	0		20-Oct-2020	10		[]	False	False
19	4803621312	blondguru9	@realDonaldTrump You literally refused to help our state with wildfire relief funds. You bash this state and our el‚Ä¶ https://t.co/PCgcKxu5Zk	0	San Diego, CA	20-Oct-2020	200		[]	False	False
20	61225261	CynBlogger	RT @SenKamalaHarris: Climate change has primed California for longer, more devastating wildfire seasons. Federal firefighters deserve to ha‚Ä¶	0	Northern California	20-Oct-2020	17888		[]	False	False
21	701725963	nowthisnews	Reaching 8,700+ acres on October 18, the CalWood Fire is officially the largest wildfire in the history of Boulder‚Ä¶ https://t.co/1O6XdHNr9W	19	The Internet & NYC	20-Oct-2020	2724952		[]	True	False
22	1010714070020952064	gloveisoff	RT @SenKamalaHarris: Climate change has primed California for longer, more devastating wildfire seasons. Federal firefighters deserve to ha‚Ä¶	0		20-Oct-2020	3857		[]	False	False
23	713694748431638528	douglas_donero	RT @SenKamalaHarris: Climate change has primed California for longer, more devastating wildfire seasons. Federal firefighters deserve to ha‚Ä¶	0		20-Oct-2020	5235		[]	False	False
24	1125871072367271936	dre__emeka	Them don start wildfire, and them go burn ohhhh #animalinhumanskin #EndSARS #LekkiMassacre https://t.co/BJTgcdiweQ	0	en be like say na heaven bro	20-Oct-2020	173		[{'text': 'animalinhumanskin', 'indices': [48, 66]}, {'text': 'EndSARS', 'indices': [67, 75]}, {'text': 'LekkiMassacre', 'indices': [76, 90]}]	False	False
25	431113899	ihatedemboys	@RossRhod @JeffRomeroo_ @Wildfire_draft @RealCandaceO @HooverInst More people are leaving California than ever befo‚Ä¶ https://t.co/oO2WakjKKq	0		20-Oct-2020	213		[]	False	False
26	4281570916	StageYaneu	RT @SenKamalaHarris: Climate change has primed California for longer, more devastating wildfire seasons. Federal firefighters deserve to ha‚Ä¶	0	KEY WEST FLORIDA	20-Oct-2020	4441		[]	False	False
27	104394577	LSZAFRA	RT @ReedTimmerAccu: WILDFIRE RECOVERY! Team Dominator has compiled a list of reputable charities to GF campaigns for individual families im‚Ä¶	0	Masonic paradise	20-Oct-2020	702		[]	False	False
28	833310042514264069	banderagirl16	RT @SenKamalaHarris: Climate change has primed California for longer, more devastating wildfire seasons. Federal firefighters deserve to ha‚Ä¶	0		20-Oct-2020	122		[]	False	False
29	94097976	TMcGillWeather	A climate scientist's up-close personal encounter with a nearby record-setting Colorado wildfire‚Ä¶ https://t.co/DkfM2v4LV1	0	Chicago	20-Oct-2020	5048		[]	False	False
30	898413168770166791	stillaliveart	@Heimanu_ @HexCougar @alterslashego lets spread this new wave of dope producers like wildfire https://t.co/4P7bEo4mUl	0	Los Angeles, CA	20-Oct-2020	54		[]	False	False
31	357474323	dieseldoctorinc	RT @SenKamalaHarris: Climate change has primed California for longer, more devastating wildfire seasons. Federal firefighters deserve to ha‚Ä¶	0	Davie Florida	20-Oct-2020	792		[]	False	False
32	136815806	DannyDomenick	RT @SenKamalaHarris: Climate change has primed California for longer, more devastating wildfire seasons. Federal firefighters deserve to ha‚Ä¶	0	970	20-Oct-2020	95		[]	False	False
33	1314514339282513921	DrHappyJamesJi1	RT @SenKamalaHarris: Climate change has primed California for longer, more devastating wildfire seasons. Federal firefighters deserve to ha‚Ä¶	0	Asheville, NC	20-Oct-2020	95		[]	False	False
34	711548617559912448	Kapuforu	RT @SenKamalaHarris: Climate change has primed California for longer, more devastating wildfire seasons. Federal firefighters deserve to ha‚Ä¶	0	Dallas, TX	20-Oct-2020	238		[]	False	False
35	111769085	AlyssaNiccolee	RT @SenKamalaHarris: Climate change has primed California for longer, more devastating wildfire seasons. Federal firefighters deserve to ha‚Ä¶	0		20-Oct-2020	321		[]	False	False
36	1060300261	FloLake	South Florida Couple Rescued From Wildfire While Hiking in Colorado https://t.co/GaApoJsaao	0	Hausieren verboten/üö´Solicitus	20-Oct-2020	10453		[]	False	False
37	765296237331357696	proudCanadavet	RT @SenKamalaHarris: Climate change has primed California for longer, more devastating wildfire seasons. Federal firefighters deserve to ha‚Ä¶	0	Canada 	20-Oct-2020	3466		[]	False	False
38	1225990973857157120	eddieako2	Every day I see in the NEWS COVID 19 INCREASE, WILDFIRE, EARTHQUAKE, FLOOD this all the message of my Father God(Ab‚Ä¶ https://t.co/hSMKdfZvHY	0		20-Oct-2020	0		[]	False	False
39	431113899	ihatedemboys	@RossRhod @JeffRomeroo_ @Wildfire_draft @RealCandaceO @HooverInst Soooo if a business leaves then all the employees‚Ä¶ https://t.co/JcYkk0MiGs	0		20-Oct-2020	213		[]	False	False
40	1268324789527158790	sonaly76917261	RT @SenKamalaHarris: Climate change has primed California for longer, more devastating wildfire seasons. Federal firefighters deserve to ha‚Ä¶	0	United States	20-Oct-2020	2		[]	False	False
41	1053043831363391488	ZFitzy	RT @ClearCreekOEM: Heads up Clear Creek residents and visitors: US Forest Service is closing national forest land in Clear Creek County due‚Ä¶	0	Colorado, USA	20-Oct-2020	213		[]	False	False
42	940364188475641863	Datfoxness	RT @THEUNOVANPRINCE: üî•üî•There‚Äôs a wildfire in the Motostoke stadiumüî•üî• https://t.co/qMLpO9RtlS	0	Detroit, MI	20-Oct-2020	55		[]	False	False
43	1318193132215914496	Beefrick2020	RT @SenKamalaHarris: Climate change has primed California for longer, more devastating wildfire seasons. Federal firefighters deserve to ha‚Ä¶	0	Renton, WA	20-Oct-2020	3		[]	False	False
44	1100995582880026624	vizo_o	"RT @RampageeCS: Giving away a MW AWP Wildfire for making Top 30 :D

To enter:
- follow @RampageeCS 
- retweet this tweet
- tag 1 friend

En‚Ä¶"	0	Winter Haven, FL	20-Oct-2020	928		[]	False	False
45	2682942968	kuhstalk53	RT @SenKamalaHarris: Climate change has primed California for longer, more devastating wildfire seasons. Federal firefighters deserve to ha‚Ä¶	0	Katonah, NY	20-Oct-2020	1768		[]	False	False
46	1303704245603102721	MaryKMaxwell3	RT @SenKamalaHarris: Climate change has primed California for longer, more devastating wildfire seasons. Federal firefighters deserve to ha‚Ä¶	0		20-Oct-2020	95		[]	False	False
47	867046028	IaDemGirl66	RT @SenKamalaHarris: Climate change has primed California for longer, more devastating wildfire seasons. Federal firefighters deserve to ha‚Ä¶	0	Sioux City, IA	20-Oct-2020	2068		[]	False	False
48	953959712655118337	BernadetteColq2	RT @SenKamalaHarris: Climate change has primed California for longer, more devastating wildfire seasons. Federal firefighters deserve to ha‚Ä¶	0		20-Oct-2020	146		[]	False	False
49	1190947314874998785	RockJin67203431	"RT @bamteoli: üåü VIDEOS MOAS SHOULD EMBED üåü

 &lt;a thread&gt;

‚Ä¢ ALL videos are linked to #BlueHour¬† teaser 2 on youtube !
‚Ä¢ Spread it like wildf‚Ä¶"	0	she/her ‚Ä¢ 2039 ‚Ä¢ Angel313	20-Oct-2020	1162		[{'text': 'BlueHour', 'indices': [90, 99]}]	False	False
0	1179742721130450945	Aussiemike5	RT @DonaldJTrumpJr: We went from 4 years of Russia rigged the election, to elections can‚Äôt be rigged really fast didn‚Äôt we???	0		08-Nov-2020	281		[]	False	False
1	4017052643	CalmDFuckDown	"2020 Election: Latest News, Polls, Results &amp; Debates - POLITICO

Click on each state to see how  voters voted https://t.co/JUb04bVjw2"	0	Where the sun shines everyday	08-Nov-2020	568		[]	False	False
2	1080232773812666369	FatimaNorthstar	RT @BernieSanders: Joe Biden will win the popular vote by over 4 million votes. The Democratic nominee for president has now won the popula‚Ä¶	0	New York, USA	08-Nov-2020	68		[]	False	False
3	823202484927819781	MiglenaK21	RT @AdamParkhomenko: Joe Biden extended his hands to Republicans. They‚Äôre choosing to lie about fraud and undermine our elections instead.‚Ä¶	0		08-Nov-2020	1603		[]	False	False
4	723961762186420224	the_nianm	RT @uflowery0ufeast: hurricane eta hit nicaragua, honduras and flooding has affected costa rica and panama. people‚Äôs entire houses have sun‚Ä¶	0		08-Nov-2020	337		[]	False	False
5	908810922	schotdoktor	RT @unrealReg: Here's an opinion article by a lawyer calling for electoral college voters to become faithless electors, and vote in trump,‚Ä¶	0		08-Nov-2020	2920		[]	False	False
6	376744269	jeffl76	RT @jonfavs: You‚Äôre either this kind of elected Republican, or you‚Äôre in the lunatic fringe with @tedcruz, @LindseyGrahamSC, and many other‚Ä¶	0	Maine, United States	08-Nov-2020	27154		[]	False	False
7	817424944292315136	TryingNot2Panic	RT @DrGJackBrown: We must have hand-marked paper ballots. No exceptions. This includes @ReverendWarnock's and @ossoff's two runoff election‚Ä¶	0		08-Nov-2020	1771		[]	False	False
8	49541166	chazworm	RT @ProfMJCleveland: It turns out that the political leaders of Detroit and Philadelphia run their elections with the same razor sharp effi‚Ä¶	0	KY & Philippines	08-Nov-2020	708		[]	False	False
9	248003980	Mrdrms	RT @BernieSanders: Joe Biden will win the popular vote by over 4 million votes. The Democratic nominee for president has now won the popula‚Ä¶	0	Barcelona, Espanya	08-Nov-2020	196		[]	False	False
10	614800638	JennsPolitics	RT @FLOTUS: The American people deserve fair elections. Every legal - not illegal - vote should be counted. We must protect our democracy w‚Ä¶	0	Oklahoma, USA	08-Nov-2020	3933		[]	False	False
11	775120072842948608	mdsmith1977	RT @WatchChad: You don‚Äôt have to social distance as long as you‚Äôre stealing TV‚Äôs, shoes, and elections.	0	Arkansas, USA	08-Nov-2020	2151		[]	False	False
12	792601619200258048	luv_ninjin	RT @FLOTUS: The American people deserve fair elections. Every legal - not illegal - vote should be counted. We must protect our democracy w‚Ä¶	0	„Éò„ÉÉ„ÉÄ„ÉºÂè≥	08-Nov-2020	212		[]	False	False
13	1058592810700550145	JayjayTeejay	RT @marklevinshow: 2. In 2000, he refused to concede while all this was going on in a single state for 37 days.¬† So the leftwing media pat‚Ä¶	0		08-Nov-2020	925		[]	False	False
14	1312699662403399680	Parveen08587606	"RT @GreaterKashmir: #USelections: #Trump Jr tweets world map showing India in blue, without #Kashmir | Greater Kashmir 
#USAElections2020‚Ä¶"	0		08-Nov-2020	3		[{'text': 'USelections', 'indices': [20, 32]}, {'text': 'Trump', 'indices': [34, 40]}, {'text': 'Kashmir', 'indices': [92, 100]}, {'text': 'USAElections2020', 'indices': [120, 137]}]	False	False
15	1319649331406950401	JamesSm54944106	@marklevinshow Bravo Morris! Say what you will about him, he knows his stuff when comes to elections. https://t.co/59WyFJcvX4	0		08-Nov-2020	16		[]	False	False
16	25887957	Mz_Kitten	RT @alfonslopeztena: Berlin's Madame Tussauds nailed it past October 30th, it hauled its wax sculpture of Trump into a dumpster: ‚ÄúToday's a‚Ä¶	0	London	08-Nov-2020	432		[]	False	False
17	1679200346	jayman12679	RT @FLOTUS: The American people deserve fair elections. Every legal - not illegal - vote should be counted. We must protect our democracy w‚Ä¶	0	Illinois	08-Nov-2020	1624		[]	False	False
18	270477006	TheSenseiKreese	RT @GeorgePapa19: The President is fighting this to the end. Whether you support him or not you should too. This is not simply about Trump.‚Ä¶	0	California	08-Nov-2020	62		[]	False	False
19	25446680	CowgirlWarrior	RT @1912Fenway: We all need to do whatever we can to help @ReverendWarnock and @ossoff win these runoff elections. There must be balance in‚Ä¶	0	I get around. üåçüåéüåè	08-Nov-2020	1387		[]	False	False
20	1134999463305437184	zhang32071674	RT @MZHemingway: America Won‚Äôt Trust Elections Until The Voter Fraud Is Investigated https://t.co/IIyo6hqlRY	0		08-Nov-2020	35		[]	False	False
21	16374818	jontalton	RT @yvonnewingett: Arizona election updates: Biden still leads in AZ as he picks up votes in Maricopa County https://t.co/IrWN4ksw9r via @a‚Ä¶	0	Seattle and Phoenix	08-Nov-2020	7286		[]	False	False
22	1207510066087247874	william72969770	@MSNBC @NBCBLK So did China hack elections to put Biden in like Russia hack it to put trump in then what happened t‚Ä¶ https://t.co/vA1Lk6Z2ey	0	Mankato, MN	08-Nov-2020	96		[]	False	False
23	336293084	CharlieJGarrett	RT @FLOTUS: The American people deserve fair elections. Every legal - not illegal - vote should be counted. We must protect our democracy w‚Ä¶	0	USA	08-Nov-2020	677		[]	False	False
24	19869059	griffinmark	RT @BernieSanders: Joe Biden will win the popular vote by over 4 million votes. The Democratic nominee for president has now won the popula‚Ä¶	0		08-Nov-2020	5824		[]	False	False
25	800126760998141952	CathyMcG2	He's projecting again - it's the Rethugs who are trying to gerrymander, suppress and pretzel our elections to keep‚Ä¶ https://t.co/mjpFuS7jgi	0		08-Nov-2020	671		[]	False	False
26	1119498230042124288	YChuisnard	"@Sebastopol94 You want to colonize China and give them the ""liberty and democracy""? I think you don't get Chinese p‚Ä¶ https://t.co/T954ElOHuS"	0	Pessac, France	08-Nov-2020	475		[]	False	False
27	1324717898649247744	MarvelHlungwan	"""There are more elections than ever before, and yet the world is becoming less democratic."""	0	South Africa	08-Nov-2020	292		[]	False	False
28	881325137810776064	hide72226963	RT @FLOTUS: The American people deserve fair elections. Every legal - not illegal - vote should be counted. We must protect our democracy w‚Ä¶	0		08-Nov-2020	658		[]	False	False
29	1123755936965976073	Eppie888	"RT @Peggysuz2017: I support @ReverendWarnock and  
I also support @Ossoff. 

We need them in the Senate!

Both of these run-off elections c‚Ä¶"	0	Wear‚ö°A‚ö°Mask‚úåAntifascistüíô#BLM	08-Nov-2020	20791		[]	False	False
30	926838212265496578	JenZenzo	@faesq3639 @DrPaulGosar @katiehobbs @Cernovich An audit is not a trial. There is a duty of care to ensure elections‚Ä¶ https://t.co/6aybr1dW7R	0	Northern Ireland	08-Nov-2020	45		[]	False	False
31	309780465	guanllou	RT @FLOTUS: The American people deserve fair elections. Every legal - not illegal - vote should be counted. We must protect our democracy w‚Ä¶	0	Giessen	08-Nov-2020	566		[]	False	False
32	1896978288	idealiZt1	RT @FLOTUS: The American people deserve fair elections. Every legal - not illegal - vote should be counted. We must protect our democracy w‚Ä¶	0	FRANCE	08-Nov-2020	25		[]	False	False
33	805979060	ShirleySTANson	RT @BromonaQuimby: Barack Obama was still president as they used ‚Äúelections have consequences‚Äù as an excuse to not have hearings on Merrick‚Ä¶	0	Louisville, KY	08-Nov-2020	2827		[]	False	False
34	27309226	OfTheSilmarils	RT @AkilahObviously: In the same way the news media scolded us for mentioning we were Black or women and blamed that for last elections res‚Ä¶	0	Life is too short 	08-Nov-2020	736		[]	False	False
35	2989026020	LizBrown217	RT @DustinBenge: God secures his people, not through elections, governments, and armies, but through the death and resurrection of His Son.‚Ä¶	0	United States	08-Nov-2020	117		[]	False	False
36	1162184797361442816	prayingleader	@Keomaste @nypost If the Dems were so sure of their ‚Äúwin‚Äù like they claim to be, then they should have zero problem‚Ä¶ https://t.co/ADNXVMWbsQ	0		08-Nov-2020	361		[]	False	False
37	2696740320	gosoxgopats	RT @BernieSanders: Joe Biden will win the popular vote by over 4 million votes. The Democratic nominee for president has now won the popula‚Ä¶	0		08-Nov-2020	103		[]	False	False
38	1666415371	PicaraAdara	RT @dpakman: Why have Trump and Republicans accepted the results from House and Senate elections, but not Presidential? Everything was on t‚Ä¶	0	Los Angeles	08-Nov-2020	75		[]	False	False
39	1273874789711720448	swetschkow	RT @marklevinshow: 2. In 2000, he refused to concede while all this was going on in a single state for 37 days.¬† So the leftwing media pat‚Ä¶	0		08-Nov-2020	224		[]	False	False
40	1231573983876784130	Switzer45773858	"RT @Arakan_Times: https://t.co/qiOt0nGvAw
9 November 2020 
An interview with Ro Nay San Lwin, Co-founder of the Free Rohingya Coalition on‚Ä¶"	0	Switzerland	08-Nov-2020	215		[]	False	False
41	3113575370	JamalAlShalabi1	"@FLOTUS ""the integrity of this Election""..ü§î

There are 35 seats in 2020 including special elections in Arizona and‚Ä¶ https://t.co/YwJeasAByG"	0	West Palm Beach, FL	08-Nov-2020	382		[]	False	False
42	576627378	KendoII__	RT @BernieSanders: Joe Biden will win the popular vote by over 4 million votes. The Democratic nominee for president has now won the popula‚Ä¶	0		08-Nov-2020	1396		[]	False	False
43	3224989814	crisinhofs	RT @uflowery0ufeast: hurricane eta hit nicaragua, honduras and flooding has affected costa rica and panama. people‚Äôs entire houses have sun‚Ä¶	0	Ontario, CA	08-Nov-2020	379		[]	False	False
44	966171163	T_ann83	RT @JoyceWhiteVance: As Trump screeches that only votes for him should be counted, we learn that the Post Office, lead by one of his fundra‚Ä¶	0		08-Nov-2020	1157		[]	False	False
45	1321025735511990272	psydru	@SamHarrisOrg You‚Äôre damn right he‚Äôs not. The media doesn‚Äôt decide elections. The fact that your hate for Trump mak‚Ä¶ https://t.co/HCvEaFdUa1	0		08-Nov-2020	1		[]	False	False
46	874831175856140293	cyouloulou	RT @jsolomonReports: Republican Sen. Romney says Trump ‚Äòis without question the most powerful voice in our party‚Äô | Just The News https://t‚Ä¶	0		08-Nov-2020	911		[]	False	False
47	3653083512	pameladubsky49	RT @azcentral: First Church UCC Phoenix holds dance party following Joe Biden's victory https://t.co/ML1y6f4HhK	0	Prescott, AZ	08-Nov-2020	19554		[]	False	False
48	929859427	DeanWisconsin	@JoeNBC Stupid thing to say. Dems have won 3 of past 4 presidential elections. Trump only won in 2016 with assist f‚Ä¶ https://t.co/dm89cvUBxm	0		08-Nov-2020	146		[]	False	False
49	891305191282061312	Jeremiah2507	RT @FLOTUS: The American people deserve fair elections. Every legal - not illegal - vote should be counted. We must protect our democracy w‚Ä¶	0		08-Nov-2020	122		[]	False	False
